{"layer 1": {"rank_Wq": 37.74648794896721, "rank_Wk": 19.673633681121768, "rank_Wv": 153.9287966960251, "rank_WqWkT": 2.3534772842622584}, "layer 2": {"rank_Wq": 47.99517152505365, "rank_Wk": 30.292362124468173, "rank_Wv": 144.2842895447509, "rank_WqWkT": 3.0586915789947575}, "layer 3": {"rank_Wq": 50.518861116345576, "rank_Wk": 36.72662596346744, "rank_Wv": 196.207467755306, "rank_WqWkT": 3.620982068374606}, "layer 4": {"rank_Wq": 53.67154428867107, "rank_Wk": 42.717251358852025, "rank_Wv": 173.04113560992423, "rank_WqWkT": 4.760820011328777}, "layer 5": {"rank_Wq": 45.05020336560813, "rank_Wk": 36.86756645334366, "rank_Wv": 177.4586823560092, "rank_WqWkT": 3.424343368409834}, "layer 6": {"rank_Wq": 58.53667546563731, "rank_Wk": 48.00966249702265, "rank_Wv": 153.9465697182486, "rank_WqWkT": 5.645212836611965}, "layer 7": {"rank_Wq": 53.638018621627744, "rank_Wk": 42.501959945849066, "rank_Wv": 162.9883472937753, "rank_WqWkT": 4.041903963179949}, "layer 8": {"rank_Wq": 51.167908643422685, "rank_Wk": 41.97639819156693, "rank_Wv": 150.32366673679718, "rank_WqWkT": 4.195689610199608}, "layer 9": {"rank_Wq": 50.43050625316367, "rank_Wk": 37.716193395422074, "rank_Wv": 148.7503106938615, "rank_WqWkT": 3.7881770782319433}, "layer 10": {"rank_Wq": 49.059961500314294, "rank_Wk": 35.96490014970901, "rank_Wv": 155.6504522600162, "rank_WqWkT": 3.7657710252546597}, "layer 11": {"rank_Wq": 47.937775241762566, "rank_Wk": 36.98884640930371, "rank_Wv": 201.55294182800952, "rank_WqWkT": 3.4210949712883556}, "layer 12": {"rank_Wq": 44.19931173430506, "rank_Wk": 34.8744796742837, "rank_Wv": 204.70349474365224, "rank_WqWkT": 2.7378831650755355}, "layer 13": {"rank_Wq": 48.46652084543436, "rank_Wk": 38.76436332510162, "rank_Wv": 223.2896968897114, "rank_WqWkT": 3.222875326919628}, "layer 14": {"rank_Wq": 45.02841330075064, "rank_Wk": 34.799230852093565, "rank_Wv": 257.7143435591073, "rank_WqWkT": 2.7990129499444505}, "layer 15": {"rank_Wq": 29.173284591251278, "rank_Wk": 37.850995423197595, "rank_Wv": 307.22607549163314, "rank_WqWkT": 2.4519661080530097}, "layer 16": {"rank_Wq": 16.289259334972993, "rank_Wk": 33.648672723653334, "rank_Wv": 342.66162062723015, "rank_WqWkT": 2.0570848453967385}, "layer 17": {"rank_Wq": 27.153553115383215, "rank_Wk": 34.101986753995426, "rank_Wv": 361.3658603656009, "rank_WqWkT": 2.2622535826075567}, "layer 18": {"rank_Wq": 33.28628433757687, "rank_Wk": 33.49157654298709, "rank_Wv": 359.1306860257005, "rank_WqWkT": 2.1561781942681755}, "layer 19": {"rank_Wq": 15.205099684147047, "rank_Wk": 26.489027943452, "rank_Wv": 254.06612271372228, "rank_WqWkT": 1.9261526589625937}, "layer 20": {"rank_Wq": 15.097323746565971, "rank_Wk": 22.502707525821545, "rank_Wv": 254.1478229989613, "rank_WqWkT": 1.923520465821}, "layer 21": {"rank_Wq": 18.03481537537753, "rank_Wk": 25.72585704413146, "rank_Wv": 249.6118598095311, "rank_WqWkT": 2.092523454882946}, "layer 22": {"rank_Wq": 11.538449046093113, "rank_Wk": 20.557692537858888, "rank_Wv": 320.0910484410645, "rank_WqWkT": 1.5421882109840337}, "layer 23": {"rank_Wq": 7.217393740704183, "rank_Wk": 8.9029504162413, "rank_Wv": 270.5434521752711, "rank_WqWkT": 1.6123760286787185}, "layer 24": {"rank_Wq": 3.0909149336174897, "rank_Wk": 3.9213092513197974, "rank_Wv": 177.9104327725345, "rank_WqWkT": 1.4609758006432847}}